{"cameraMode":{"drawMode":0,"name":"Shaded","section":"Shading Mode"},"sceneLighting":true,"audioPlay":false,"sceneViewState":{"m_AlwaysRefresh":false,"showFog":true,"showSkybox":true,"showFlares":true,"showImageEffects":true,"showParticleSystems":true,"showVisualEffectGraphs":true,"m_FxEnabled":true},"in2DMode":false,"pivot":{"x":-14.970684051513672,"y":23.205102920532228,"z":-34.360084533691409},"rotation":{"x":0.1966700404882431,"y":-0.020294757559895517,"z":0.004151990171521902,"w":0.9802786707878113},"size":0.6303572058677673,"orthographic":false}