{"cameraMode":{"drawMode":0,"name":"Shaded","section":"Shading Mode"},"sceneLighting":false,"audioPlay":false,"sceneViewState":{"m_AlwaysRefresh":false,"showFog":true,"showSkybox":false,"showFlares":true,"showImageEffects":true,"showParticleSystems":true,"showVisualEffectGraphs":true,"m_FxEnabled":true},"in2DMode":false,"pivot":{"x":-12.873123168945313,"y":8.226816177368164,"z":-8.953348159790039},"rotation":{"x":0.19707034528255464,"y":0.0700344517827034,"z":-0.014225208200514317,"w":0.9777552485466003},"size":0.6365471482276917,"orthographic":false}